ID,Type,Name,Provider,Total (EUR),Real Cost Est.,All-Inclusive,Rating,Reviews,Location,Value,Quality,Reliability,Separate Sleep,Quietness,Food Conv.,Amenities,Overall,Adults Only,Pros,Cons,Verdict,URL
option-009,hotel-2-rooms,Sunrise Remal Resort - 2 Separate Rooms,booking.com,1325,1325,Yes,9.4,1710,4,4,5,5,5,4,5,5,4.6,No,9.4 rating - Wonderful; 2 SEPARATE ROOMS - perfect for snoring; All-inclusive - all food & drinks included,"Not adults-only; Mid-range price (€1,325); Entertainment area - request quiet room","EXCELLENT VALUE - High rating (9.4), all amenities, competitive price. Strong alternative to Pickalbatros.",https://www.booking.com/hotel/eg/tiran-island-sharm-el-sheikh.html
option-007,hotel-2-rooms,Pickalbatros Royal Grand Sharm - 2 Separate Rooms,booking.com,2046,2046,Yes,9.4,7638,5,3,5,5,5,3,5,5,4.5,Yes,"TOP RATED 9.4 - Wonderful; 7,638 reviews - extremely reliable; Adults only 16+ - no screaming kids","Most expensive option (€2,046); Has nightly entertainment - request room away; Large resort - can feel crowded","TOP CHOICE - Best quality, adults-only, all amenities. Premium price but complete solution.",https://www.booking.com/hotel/eg/royal-grand-sharm.html
option-010,hotel-2-rooms,Xperience Sea Breeze Resort - 2 Separate Rooms,booking.com,1073,1073,Yes,9,1946,4,5,4,5,5,4,5,4,4.5,No,EXCELLENT VALUE - 2nd cheapest all-inclusive option; 9.0 rating - Wonderful; 2 SEPARATE ROOMS - perfect for snoring,Not adults-only; Need to verify beach distance; Need to verify amenities details,"GREAT VALUE - Similar to Verginia at €1,073. High rating with many reviews. Worth investigating further.",https://www.booking.com/hotel/eg/xperience-sea-breeze-resort.html
option-008,hotel-2-rooms,Verginia Sharm Resort & Aqua Park - 2 Separate Rooms,booking.com,1130,1130,Yes,9.1,1477,4,5,4,4,5,4,5,4,4.4,No,BEST VALUE - excellent rating at best price; 9.1 rating - Wonderful; 2 SEPARATE ROOMS - perfect for snoring,Has live music bar - request room away; Beach is 5 min shuttle (not beachfront); Some reviews mention dated facilities,"BEST VALUE - Great rating, all amenities, half the price of Pickalbatros. Top recommendation!",https://www.booking.com/hotel/eg/verginia-sharm-resort.html
option-005,resort-suite,Pickalbatros Golf Beach Resort - All Inclusive (Private Suite),booking.com,1234,1234,Yes,9,2045,4,4,4,5,3,4,5,5,4.3,No,"9.0 rating - Wonderful; All-inclusive - all food & drinks included; 2,045 reviews - very reliable","Suite layout unknown - may not have separate bedroom; Mid-range price (€1,234); Not adults-only",MAYBE - Great resort but need to verify suite has separate sleeping area. Good mid-range option if confirmed.,https://www.booking.com/hotel/eg/maritim-jolie-ville-golf-resort.html
option-004,suite,Sanafir Hotel - El Pacha Suites Sharm - Adults Only,booking.com,602,1102,No,8.1,1376,4,3,3,4,4,4,2,3,3.4,Yes,"Adults only - no kids noise; Suite with separate living room (Henri sleeps there); 1,376 reviews - well proven","Not all-inclusive - meals extra; Only 8.1 rating (lower than top resorts); Real cost ~€1,100 with food","MAYBE - Good for adults-only quiet, but living room sleeping not ideal. Consider 2-room hotel instead.",https://www.booking.com/hotel/eg/sanafir-adults-only.html
option-002,villa,Private Luxury Villas at Sharm Dreams Vacation Club,booking.com,1187,1707,No,7.9,137,4,2,4,3,5,4,1,3,3.3,No,2 bedrooms - perfect for snoring; Very spacious 200 m²; 3 bathrooms - luxury,No meals included; Rating only 7.9 (lower than hotels); Expensive for what you get,MAYBE - Good for privacy but expensive. Better to get all-inclusive resort for similar price.,https://www.booking.com/hotel/eg/villa-private-nama-bay.html
option-003,villa,Villa D60,booking.com,351,1011,No,9.7,61,2,4,5,2,3,5,1,1,2.9,No,EXCEPTIONAL 9.7 rating!; Very cheap base price; High comfort score (9.6),Only 61 reviews - limited data; No meals - must eat out; No pool/beach/resort amenities,INVESTIGATE - Amazing rating but need to verify layout and location before booking.,https://www.booking.com/hotel/eg/villa-d60.html
option-001,apartment,2 Bedroom apartment on luxury delta Sharm resort,booking.com,561,1171,No,8,5,3,3,3,1,5,4,1,2,2.8,No,2 separate bedrooms - perfect for snoring; Full kitchen for self-catering; 135 m² - very spacious,"Only 5 reviews - unproven; No meals included - must cook or eat out; No resort amenities (pool, gym, spa)",SKIP - Too risky with only 5 reviews. Real cost similar to all-inclusive resorts.,https://www.booking.com/hotel/eg/2-bedroom-apartment-on-luxury-delta-sharm-resort.html
option-006,resort,Luxury Sharm Hills Resort,booking.com,,,No,,,2,2,3,1,2,3,2,2,2.1,No,Luxury resort branding,No pricing data available; No rating data available; No review data available,SKIP - Insufficient data. Need to investigate before considering.,https://www.booking.com/hotel/eg/sharm-hills-resort-sharm-elsheikh1.html